{
  "assembly": [
    "AndroidPDACommand.dll"
  ],
  "javascript": [
    "Resources/AndroidPDACommand.js"
  ],
  "css": [],
  "image": "Resources/PluginLogo.png",
  "description": "提供安卓PDA的扫码（广播模式）等功能，需配合HAC使用。测试设备环境：东集Q9（Android 10）",
  "name": "安卓PDA交互命令",
  "pluginType": "command",
  "guid": "{16B8DF69-1379-41C1-9194-BE89BAF8BB32}",
  "version": "1.0.2.0",
  "dependenceVersion": "8.0.4.0",
  "bundleJavaScript": true,
  "bundleCSS": true
}